codigo,cod_tipo_ficha,cod_campo
1,1,1
2,1,2
3,1,3
4,1,4
5,1,5
6,1,6
7,1,7
8,1,8
9,1,9
10,1,10
11,1,11
12,1,12
13,1,13
14,1,14
15,1,15
16,1,16
17,1,17
18,1,18
19,1,19
20,1,20
21,1,21
22,1,22
23,1,23
24,1,24
25,1,25
26,1,26
27,1,27
28,1,28
29,1,29
30,1,30
31,1,31
32,1,32
33,1,33
34,1,34
35,1,35
36,1,36
37,1,37
38,1,38
39,1,39
40,1,40
41,1,41
42,1,42
43,1,43
44,1,44
45,1,45
46,1,46
47,1,47
48,1,48
49,1,49
50,1,50
51,1,51
52,1,52
53,1,53
54,1,54
55,1,55
56,1,56
57,1,57
58,1,58
59,1,59
60,1,60
61,1,61
62,1,62
63,1,63
64,1,64
65,1,65
66,1,66
67,1,67
68,1,68
69,1,69
70,1,70
71,11,1
72,11,2
73,11,3
74,11,4
75,11,5
76,11,6
77,11,7
78,11,8
79,11,9
80,11,10
81,11,11
82,11,12
83,11,13
84,11,14
85,11,15
86,11,16
87,11,17
88,11,18
89,11,19
90,11,20
91,11,21
92,11,22
93,11,23
94,11,24
95,11,25
96,11,26
97,11,27
98,11,28
99,11,29
100,11,30
101,11,31
102,11,32
103,11,33
104,11,34
105,11,35
106,11,36
107,11,37
108,11,38
109,11,39
110,11,40
111,11,41
112,11,42
113,11,43
114,11,44
115,11,45
116,11,46
117,11,47
118,11,48
119,11,49
120,11,50
121,11,51
122,11,52
123,11,53
124,11,54
125,11,55
126,11,56
127,11,57
128,11,58
129,11,59
130,11,60
131,11,61
132,11,62
133,11,63
134,11,64
135,11,65
136,11,66
137,11,67
138,11,68
139,11,69
140,11,70
141,11,71
142,11,72
143,11,73
144,11,74
145,11,75
146,11,76
147,11,77
148,11,172
149,11,79
150,11,80
151,11,81
152,11,82
153,11,83
154,11,84
155,11,85
156,11,86
157,11,87
158,11,88
159,11,89
160,11,90
161,11,91
162,11,92
163,11,93
164,11,94
165,11,95
166,11,96
167,11,97
168,11,98
169,11,99
170,11,100
171,11,101
172,11,102
173,11,103
174,11,104
175,11,105
176,11,106
177,11,107
178,11,108
179,11,109
180,11,110
181,11,111
182,11,112
183,11,113
184,11,114
185,11,115
186,11,116
187,11,117
188,11,118
189,11,119
190,11,120
191,11,121
192,11,122
193,11,123
194,11,124
195,11,125
196,11,126
197,11,127
198,11,128
199,11,129
200,11,130
201,11,131
202,11,132
203,11,133
204,11,134
205,11,135
206,11,136
207,11,137
208,11,138
209,11,139
210,11,140
211,11,141
212,11,142
213,11,143
214,11,144
215,11,145
216,11,146
217,11,147
218,11,148
219,11,149
220,11,150
221,11,151
222,11,152
223,11,153
224,11,154
225,11,155
226,11,156
227,11,157
228,11,158
229,11,159
230,11,160
231,11,161
232,11,162
233,11,163
234,11,164
235,11,165
236,11,166
237,11,169
238,11,170
239,11,171
240,8,1
241,8,2
242,8,3
243,8,4
244,8,5
245,8,6
246,8,7
247,8,8
248,8,9
249,8,10
250,8,11
251,8,12
252,8,13
253,8,14
254,8,15
255,8,16
256,8,17
257,8,18
258,8,19
259,8,20
260,8,21
261,8,22
262,8,23
263,8,24
264,8,25
265,8,26
266,8,27
267,8,28
268,8,29
269,8,30
270,8,31
271,8,32
272,8,33
273,8,34
274,8,35
275,8,36
276,8,37
277,8,38
278,8,39
279,8,40
280,8,41
281,8,42
282,8,43
283,8,44
284,8,45
285,8,46
286,8,47
287,8,48
288,8,49
289,8,50
290,8,51
291,8,52
292,8,53
293,8,54
294,8,55
295,8,56
296,8,57
297,8,58
298,8,59
299,8,60
300,8,61
301,8,62
302,8,63
303,8,64
304,8,65
305,8,66
306,8,67
307,8,68
308,8,69
309,8,70
310,8,71
311,8,72
312,8,73
313,8,74
314,8,75
315,8,76
316,8,77
317,8,173
318,8,79
319,8,80
320,8,81
321,8,82
322,8,83
323,8,84
324,8,85
325,8,86
326,8,87
327,8,88
328,8,89
329,8,90
330,8,91
331,8,92
332,8,93
333,8,94
334,8,95
335,8,96
336,8,97
337,8,98
338,8,99
339,8,100
340,8,101
341,8,102
342,8,103
343,8,104
344,8,105
345,8,174
346,8,175
347,8,176
348,8,177
349,8,178
350,8,179
351,8,180
352,8,181
353,8,182
354,8,183
355,8,184
356,8,185
357,8,186
358,8,167
359,8,168
360,8,169
361,8,170
362,8,171
363,20,1
364,20,2
365,20,3
366,20,4
367,20,5
368,20,6
369,20,7
370,20,8
371,20,9
372,20,10
373,20,11
374,20,12
375,20,13
376,20,14
377,20,15
378,20,16
379,20,17
380,20,18
381,20,19
382,20,20
383,20,21
384,20,22
385,20,23
386,20,24
387,20,25
388,20,26
389,20,27
390,20,28
391,20,29
392,20,30
393,20,31
394,20,32
395,20,33
396,20,34
397,20,35
398,20,36
399,20,37
400,20,38
401,20,39
402,20,40
403,20,41
404,20,42
405,20,43
406,20,44
407,20,45
408,20,46
409,20,47
410,20,48
411,20,49
412,20,50
413,20,51
414,20,52
415,20,53
416,20,54
417,20,55
418,20,56
419,20,57
420,20,58
421,20,59
422,20,60
423,20,61
424,20,62
425,20,63
426,20,64
427,20,65
428,20,66
429,20,67
430,20,68
431,20,69
432,20,70
433,20,71
434,20,225
435,20,187
436,20,188
437,20,72
438,20,73
439,20,74
440,20,75
441,20,58
442,20,189
443,20,190
444,20,79
445,20,80
446,20,81
447,20,82
448,20,83
449,20,84
450,20,85
451,20,86
452,20,87
453,20,88
454,20,89
455,20,90
456,20,91
457,20,92
458,20,93
459,20,94
460,20,95
461,20,96
462,20,101
463,20,97
464,20,98
465,20,102
466,20,103
467,20,104
468,20,191
469,20,105
470,20,78
471,20,192
472,20,193
473,20,194
474,20,195
475,20,196
476,20,197
477,20,198
478,20,199
479,20,200
480,20,201
481,20,202
482,20,203
483,20,204
484,20,205
485,20,206
486,20,207
487,20,208
488,20,209
489,20,210
490,20,211
491,20,212
492,20,213
493,20,214
494,20,215
495,20,216
496,20,217
497,20,218
498,20,219
499,20,220
500,20,221
501,20,222
502,20,223
503,20,186
504,20,169
505,20,170
506,20,224
509,13,1
510,13,2
511,13,3
512,13,4
513,13,5
514,13,6
515,13,7
516,13,8
517,13,9
518,13,10
519,13,11
520,13,12
521,13,13
522,13,14
523,13,15
524,13,16
525,13,17
526,13,18
527,13,19
528,13,20
529,13,21
530,13,22
531,13,23
532,13,24
533,13,25
534,13,26
535,13,27
536,13,28
537,13,29
538,13,30
539,13,31
540,13,32
541,13,33
542,13,34
543,13,35
544,13,36
545,13,37
546,13,38
547,13,39
548,13,40
549,13,41
550,13,42
551,13,43
552,13,44
553,13,45
554,13,46
555,13,47
556,13,48
557,13,49
558,13,50
559,13,51
560,13,52
561,13,53
562,13,54
563,13,55
564,13,56
565,13,57
566,13,58
567,13,59
568,13,60
569,13,61
570,13,62
571,13,63
572,13,64
573,13,65
574,13,66
575,13,67
576,13,68
577,13,69
578,13,70
579,13,71
580,13,72
581,13,73
582,13,74
583,13,75
584,13,76
585,13,77
586,13,78
587,13,79
588,13,80
589,13,81
590,13,82
591,13,83
592,13,84
593,13,85
594,13,86
595,13,87
596,13,88
597,13,89
598,13,90
599,13,91
600,13,92
601,13,93
602,13,94
603,13,95
604,13,96
605,13,97
606,13,98
607,13,99
608,13,100
609,13,101
610,13,102
611,13,103
612,13,104
613,13,191
614,13,105
615,13,226
616,13,227
617,13,228
618,13,229
619,13,230
620,13,231
621,13,232
622,13,233
623,13,234
624,13,235
625,13,236
626,13,237
627,13,238
628,13,239
629,13,240
630,13,241
631,13,242
632,13,243
633,13,244
634,13,245
635,13,246
636,13,247
637,13,248
638,13,249
639,13,250
640,13,251
641,13,252
642,13,253
643,13,254
644,13,255
645,13,256
646,13,257
647,13,258
648,13,259
649,13,260
650,13,261
651,13,262
652,13,263
653,13,264
654,13,265
655,13,266
656,13,267
657,13,268
658,13,269
659,13,184
660,13,270
661,13,271
662,13,165
663,13,166
664,13,219
665,13,186
666,13,167
667,13,168
668,13,169
669,13,170
670,13,171
671,2,1
672,2,2
673,2,3
674,2,4
675,2,5
676,2,6
677,2,7
678,2,8
679,2,9
680,2,10
681,2,11
682,2,12
683,2,13
684,2,14
685,2,15
686,2,16
687,2,17
688,2,18
689,2,19
690,2,20
691,2,21
692,2,22
693,2,23
694,2,24
695,2,25
696,2,26
697,2,27
698,2,28
699,2,29
700,2,30
701,2,31
702,2,32
703,2,33
704,2,34
705,2,35
706,2,36
707,2,37
708,2,38
709,2,39
710,2,40
711,2,41
712,2,42
713,2,43
714,2,44
715,2,45
716,2,46
717,2,47
718,2,48
719,2,49
720,2,50
721,2,51
722,2,52
723,2,53
724,2,54
725,2,55
726,2,56
727,2,57
728,2,58
729,2,59
730,2,60
731,2,61
732,2,62
733,2,63
734,2,64
735,2,65
736,2,66
737,2,67
738,2,68
739,2,69
740,2,70
812,2,71
813,2,72
814,2,73
815,2,74
816,2,75
817,2,76
818,2,77
819,2,173
820,2,79
821,2,80
822,2,81
823,2,82
824,2,83
825,2,84
826,2,85
827,2,86
828,2,87
829,2,88
830,2,89
831,2,90
832,2,91
833,2,92
834,2,93
835,2,94
836,2,95
837,2,96
838,2,97
839,2,98
840,2,99
841,2,100
842,2,101
843,2,102
844,2,103
845,2,104
846,2,105
847,2,273
848,2,274
849,2,275
850,2,276
851,2,277
852,2,278
853,2,279
854,2,280
855,2,281
856,2,282
857,2,283
858,2,284
859,2,285
860,2,286
861,2,287
862,2,288
863,2,289
864,2,290
865,2,291
866,2,292
867,2,293
868,2,294
869,2,295
870,2,296
871,2,297
872,2,298
873,2,299
874,2,300
875,2,301
876,2,302
877,2,303
878,2,304
879,2,305
880,2,253
881,2,254
882,2,255
883,2,256
884,2,306
885,2,307
886,2,308
887,2,309
888,2,310
889,2,311
890,2,165
891,2,166
892,2,312
893,2,186
894,2,313
895,2,167
896,2,168
897,2,169
898,2,170
899,2,171
900,12,1
901,12,2
902,12,3
903,12,4
904,12,5
905,12,6
906,12,7
907,12,8
908,12,9
909,12,10
910,12,11
911,12,12
912,12,13
913,12,14
914,12,15
915,12,16
916,12,17
917,12,18
918,12,19
919,12,20
920,12,21
921,12,22
922,12,23
923,12,24
924,12,25
925,12,26
926,12,27
927,12,28
928,12,29
929,12,30
930,12,31
931,12,32
932,12,33
933,12,34
934,12,35
935,12,36
936,12,37
937,12,38
938,12,39
939,12,40
940,12,41
941,12,42
942,12,43
943,12,44
944,12,45
945,12,46
946,12,47
947,12,48
948,12,49
949,12,50
950,12,51
951,12,52
952,12,53
953,12,54
954,12,55
955,12,56
956,12,57
957,12,58
958,12,59
959,12,60
960,12,61
961,12,62
962,12,63
963,12,64
964,12,65
965,12,66
966,12,67
967,12,68
968,12,69
969,12,70
970,12,71
971,12,72
972,12,73
973,12,74
974,12,75
975,12,76
976,12,77
977,12,173
978,12,79
979,12,80
980,12,81
981,12,82
982,12,83
983,12,84
984,12,85
985,12,86
986,12,87
987,12,88
988,12,89
989,12,90
990,12,91
991,12,92
992,12,93
993,12,94
994,12,95
995,12,96
996,12,97
997,12,98
998,12,99
999,12,100
1000,12,101
1001,12,102
1002,12,103
1003,12,104
1004,12,105
1005,12,273
1006,12,274
1007,12,275
1008,12,277
1009,12,278
1010,12,279
1011,12,280
1012,12,281
1013,12,282
1014,12,283
1015,12,284
1016,12,285
1017,12,286
1018,12,287
1019,12,288
1020,12,289
1021,12,315
1022,12,316
1023,12,317
1024,12,318
1025,12,319
1026,12,320
1027,12,321
1028,12,322
1029,12,323
1030,12,324
1031,12,325
1032,12,326
1033,12,327
1034,12,328
1035,12,329
1036,12,330
1037,12,331
1038,12,332
1039,12,333
1040,12,334
1041,12,335
1042,12,336
1043,12,337
1044,12,338
1045,12,339
1046,12,340
1047,12,341
1048,12,342
1049,12,343
1050,12,344
1051,12,345
1052,12,346
1053,12,347
1054,12,348
1055,12,349
1056,12,165
1057,12,350
1058,12,166
1059,12,312
1060,12,313
1061,12,167
1062,12,168
1063,12,169
1064,12,170
1065,12,171
1227,21,1
1228,21,2
1229,21,3
1230,21,4
1231,21,5
1232,21,6
1233,21,7
1234,21,8
1235,21,9
1236,21,10
1237,21,11
1238,21,12
1239,21,13
1240,21,14
1241,21,15
1242,21,16
1243,21,17
1244,21,18
1245,21,19
1246,21,20
1247,21,21
1248,21,22
1249,21,23
1250,21,24
1251,21,25
1252,21,26
1253,21,27
1254,21,28
1255,21,29
1256,21,30
1257,21,31
1258,21,32
1259,21,33
1260,21,34
1261,21,35
1262,21,36
1263,21,37
1264,21,38
1265,21,39
1266,21,40
1267,21,41
1268,21,42
1269,21,43
1270,21,44
1271,21,45
1272,21,46
1273,21,47
1274,21,48
1275,21,49
1276,21,50
1277,21,51
1278,21,52
1279,21,53
1280,21,54
1281,21,55
1282,21,56
1283,21,57
1284,21,58
1285,21,59
1286,21,60
1287,21,61
1288,21,62
1289,21,63
1290,21,64
1291,21,65
1292,21,66
1293,21,67
1294,21,68
1295,21,69
1296,21,70
1297,21,71
1298,21,72
1299,21,73
1300,21,74
1301,21,75
1302,21,76
1303,21,77
1304,21,78
1305,21,79
1306,21,80
1307,21,81
1308,21,82
1309,21,83
1310,21,84
1311,21,85
1312,21,86
1313,21,87
1314,21,88
1315,21,89
1316,21,90
1317,21,91
1318,21,92
1319,21,93
1320,21,94
1321,21,95
1322,21,96
1323,21,97
1324,21,98
1325,21,99
1326,21,100
1327,21,101
1328,21,102
1329,21,103
1330,21,104
1331,21,191
1332,21,105
1333,21,400
1334,21,401
1335,21,402
1336,21,403
1337,21,404
1338,21,405
1339,21,406
1340,21,407
1341,21,408
1342,21,409
1343,21,410
1344,21,411
1345,21,412
1346,21,413
1347,21,414
1348,21,415
1349,21,416
1350,21,417
1351,21,418
1352,21,419
1353,21,420
1354,21,421
1355,21,422
1356,21,423
1357,21,184
1358,21,446
1359,21,424
1360,21,425
1361,21,426
1362,21,427
1363,21,428
1364,21,429
1365,21,430
1366,21,271
1367,21,165
1368,21,166
1369,21,219
1370,21,431
1371,21,432
1372,21,433
1373,21,434
1374,21,435
1375,21,436
1376,21,437
1377,21,438
1378,21,439
1379,21,440
1380,21,441
1381,21,442
1382,21,443
1383,21,444
1384,21,445
1385,21,186
1386,21,167
1387,21,168
1388,21,169
1389,21,170
1390,21,171
1391,15,1
1392,15,2
1393,15,3
1394,15,4
1395,15,5
1396,15,6
1397,15,7
1398,15,8
1399,15,9
1400,15,10
1401,15,11
1402,15,12
1403,15,13
1404,15,14
1405,15,15
1406,15,16
1407,15,17
1408,15,18
1409,15,19
1410,15,20
1411,15,21
1412,15,22
1413,15,23
1414,15,24
1415,15,25
1416,15,26
1417,15,27
1418,15,28
1419,15,29
1420,15,30
1421,15,31
1422,15,32
1423,15,33
1424,15,34
1425,15,35
1426,15,36
1427,15,37
1428,15,38
1429,15,39
1430,15,40
1431,15,41
1432,15,42
1433,15,43
1434,15,44
1435,15,45
1436,15,46
1437,15,47
1438,15,48
1439,15,49
1440,15,50
1441,15,51
1442,15,52
1443,15,53
1444,15,54
1445,15,55
1446,15,56
1447,15,57
1448,15,58
1449,15,59
1450,15,60
1451,15,61
1452,15,62
1453,15,63
1454,15,64
1455,15,65
1456,15,66
1457,15,67
1458,15,68
1459,15,69
1460,15,70
1461,15,71
1462,15,187
1463,15,72
1464,15,73
1465,15,74
1466,15,75
1467,15,76
1468,15,77
1469,15,78
1470,15,79
1471,15,80
1472,15,81
1473,15,82
1474,15,83
1475,15,84
1476,15,85
1477,15,86
1478,15,87
1479,15,88
1480,15,89
1481,15,90
1482,15,91
1483,15,92
1484,15,93
1485,15,94
1486,15,95
1487,15,96
1488,15,97
1489,15,98
1490,15,99
1491,15,100
1492,15,101
1493,15,102
1494,15,103
1495,15,104
1496,15,191
1497,15,105
1498,15,447
1499,15,448
1500,15,449
1501,15,450
1502,15,451
1503,15,452
1504,15,453
1505,15,454
1506,15,455
1507,15,456
1508,15,457
1509,15,458
1510,15,459
1511,15,460
1512,15,461
1513,15,462
1514,15,463
1515,15,464
1516,15,465
1517,15,466
1518,15,467
1519,15,468
1520,15,469
1521,15,470
1522,15,471
1523,15,472
1524,15,473
1525,15,474
1526,15,475
1527,15,476
1528,15,477
1529,15,478
1530,15,479
1531,15,480
1532,15,481
1533,15,482
1534,15,483
1535,15,484
1536,15,251
1537,15,252
1538,15,485
1539,15,486
1540,15,487
1541,15,488
1542,15,489
1543,15,490
1544,15,424
1545,15,535
1546,15,536
1547,15,537
1548,15,538
1549,15,539
1550,15,540
1551,15,222
1552,15,446
1553,15,491
1554,15,165
1555,15,166
1556,15,219
1557,15,492
1558,15,493
1559,15,494
1560,15,495
1561,15,496
1562,15,497
1563,15,498
1564,15,499
1565,15,500
1566,15,501
1567,15,502
1568,15,503
1569,15,504
1570,15,505
1571,15,506
1572,15,507
1573,15,508
1574,15,509
1575,15,510
1576,15,511
1577,15,512
1578,15,513
1579,15,514
1580,15,515
1581,15,516
1582,15,517
1583,15,518
1584,15,186
1585,15,167
1586,15,168
1587,15,169
1588,15,170
1589,15,171
1590,16,1
1591,16,2
1592,16,3
1593,16,4
1594,16,5
1595,16,6
1596,16,7
1597,16,8
1598,16,9
1599,16,10
1600,16,11
1601,16,12
1602,16,13
1603,16,14
1604,16,15
1605,16,16
1606,16,17
1607,16,18
1608,16,19
1609,16,20
1610,16,21
1611,16,22
1612,16,23
1613,16,24
1614,16,25
1615,16,26
1616,16,27
1617,16,28
1618,16,29
1619,16,30
1620,16,31
1621,16,32
1622,16,33
1623,16,34
1624,16,35
1625,16,36
1626,16,37
1627,16,38
1628,16,39
1629,16,40
1630,16,41
1631,16,42
1632,16,43
1633,16,44
1634,16,45
1635,16,46
1636,16,47
1637,16,48
1638,16,49
1639,16,50
1640,16,51
1641,16,52
1642,16,53
1643,16,54
1644,16,55
1645,16,56
1646,16,57
1647,16,58
1648,16,59
1649,16,60
1650,16,61
1651,16,62
1652,16,63
1653,16,64
1654,16,65
1655,16,66
1656,16,67
1657,16,68
1658,16,69
1659,16,70
1660,16,71
1661,16,72
1662,16,73
1663,16,74
1664,16,75
1665,16,76
1666,16,77
1667,16,78
1668,16,79
1669,16,80
1670,16,81
1671,16,82
1672,16,83
1673,16,84
1674,16,85
1675,16,86
1676,16,87
1677,16,88
1678,16,89
1679,16,90
1680,16,91
1681,16,92
1682,16,93
1683,16,94
1684,16,95
1685,16,96
1686,16,97
1687,16,98
1688,16,99
1689,16,100
1690,16,101
1691,16,102
1692,16,103
1693,16,104
1694,16,191
1695,16,105
1696,16,432
1697,16,433
1698,16,437
1699,16,438
1700,16,442
1701,16,443
1704,16,543
1705,16,544
1706,16,545
1707,16,546
1708,16,547
1709,16,548
1710,16,549
1711,16,550
1712,16,551
1713,16,552
1714,16,553
1715,16,554
1716,16,555
1717,16,556
1718,16,557
1719,16,558
1720,16,559
1721,16,560
1722,16,242
1723,16,243
1724,16,561
1725,16,562
1726,16,563
1727,16,564
1728,16,565
1729,16,566
1730,16,567
1731,16,568
1732,16,569
1733,16,570
1734,16,571
1735,16,572
1736,16,573
1737,16,574
1738,16,575
1739,16,576
1740,16,577
1741,16,578
1742,16,579
1743,16,580
1744,16,581
1745,16,582
1746,16,583
1747,16,584
1748,16,585
1749,16,586
1750,16,587
1751,16,588
1752,16,589
1753,16,590
1754,16,591
1755,16,592
1756,16,593
1757,16,594
1758,16,595
1759,16,596
1760,16,184
1761,16,446
1762,16,165
1763,16,166
1764,16,597
1765,16,598
1766,16,599
1767,16,424
1768,16,535
1769,16,536
1770,16,537
1771,16,538
1772,16,539
1773,16,540
1774,16,271
1775,16,219
1776,16,186
1777,16,167
1778,16,168
1779,16,169
1780,16,170
1781,16,171
1782,14,1
1783,14,2
1784,14,3
1785,14,4
1786,14,5
1787,14,6
1788,14,7
1789,14,8
1790,14,9
1791,14,10
1792,14,11
1793,14,12
1794,14,13
1795,14,14
1796,14,15
1797,14,16
1798,14,17
1799,14,18
1800,14,19
1801,14,20
1802,14,21
1803,14,22
1804,14,23
1805,14,24
1806,14,25
1807,14,26
1808,14,27
1809,14,28
1810,14,29
1811,14,30
1812,14,31
1813,14,32
1814,14,33
1815,14,34
1816,14,35
1817,14,36
1818,14,37
1819,14,38
1820,14,39
1821,14,40
1822,14,41
1823,14,42
1824,14,43
1825,14,44
1826,14,45
1827,14,46
1828,14,47
1829,14,48
1830,14,49
1831,14,50
1832,14,51
1833,14,52
1834,14,53
1835,14,54
1836,14,55
1837,14,56
1838,14,57
1839,14,58
1840,14,59
1841,14,60
1842,14,61
1843,14,62
1844,14,63
1845,14,64
1846,14,65
1847,14,66
1848,14,67
1849,14,68
1850,14,69
1851,14,70
1852,14,71
1853,14,72
1854,14,73
1855,14,74
1856,14,75
1857,14,76
1858,14,77
1859,14,78
1860,14,79
1861,14,80
1862,14,81
1863,14,82
1864,14,83
1865,14,84
1866,14,85
1867,14,86
1868,14,87
1869,14,88
1870,14,89
1871,14,90
1872,14,91
1873,14,92
1874,14,93
1875,14,94
1876,14,95
1877,14,96
1878,14,97
1879,14,98
1880,14,99
1881,14,100
1882,14,101
1883,14,102
1884,14,103
1885,14,104
1886,14,191
1887,14,105
1888,14,173
1889,14,600
1890,14,601
1891,14,602
1892,14,745
1893,14,603
1894,14,604
1895,14,605
1896,14,606
1897,14,607
1898,14,608
1899,14,609
1900,14,610
1901,14,611
1902,14,612
1903,14,613
1904,14,614
1905,14,615
1906,14,616
1907,14,617
1908,14,618
1909,14,619
1910,14,620
1911,14,621
1912,14,301
1913,14,622
1914,14,623
1915,14,624
1916,14,625
1917,14,222
1918,14,626
1919,14,627
1920,14,628
1921,14,629
1922,14,630
1923,14,631
1924,14,632
1925,14,633
1926,14,634
1927,14,635
1928,14,636
1929,14,637
1930,14,638
1931,14,639
1932,14,640
1933,14,641
1934,14,642
1935,14,643
1936,14,644
1937,14,645
1938,14,646
1939,14,271
1940,14,165
1941,14,166
1942,14,219
1943,14,186
1944,14,167
1945,14,168
1946,14,169
1947,14,170
1948,14,171
2161,17,1
2162,17,2
2163,17,3
2164,17,4
2165,17,5
2166,17,6
2167,17,7
2168,17,8
2169,17,9
2170,17,10
2171,17,11
2172,17,12
2173,17,13
2174,17,14
2175,17,15
2176,17,16
2177,17,17
2178,17,18
2179,17,19
2180,17,20
2181,17,21
2182,17,22
2183,17,23
2184,17,24
2185,17,25
2186,17,26
2187,17,27
2188,17,28
2189,17,29
2190,17,30
2191,17,31
2192,17,32
2193,17,33
2194,17,34
2195,17,35
2196,17,36
2197,17,37
2198,17,38
2199,17,39
2200,17,40
2201,17,41
2202,17,42
2203,17,43
2204,17,44
2205,17,45
2206,17,46
2207,17,47
2208,17,48
2209,17,49
2210,17,50
2211,17,51
2212,17,52
2213,17,53
2214,17,54
2215,17,55
2216,17,56
2217,17,57
2218,17,58
2219,17,59
2220,17,60
2221,17,61
2222,17,62
2223,17,63
2224,17,64
2225,17,65
2226,17,66
2227,17,67
2228,17,68
2229,17,69
2230,17,70
2231,17,71
2232,17,72
2233,17,73
2234,17,74
2235,17,75
2236,17,76
2237,17,77
2238,17,78
2239,17,79
2240,17,80
2241,17,81
2242,17,82
2243,17,83
2244,17,84
2245,17,85
2246,17,86
2247,17,87
2248,17,88
2249,17,89
2250,17,90
2251,17,91
2252,17,92
2253,17,93
2254,17,94
2255,17,95
2256,17,96
2257,17,97
2258,17,98
2259,17,99
2260,17,100
2261,17,101
2262,17,102
2263,17,103
2264,17,104
2265,17,191
2266,17,105
2453,17,273
2454,17,746
2455,17,747
2456,17,748
2457,17,749
2458,17,750
2459,17,751
2460,17,752
2461,17,753
2462,17,754
2463,17,755
2464,17,756
2465,17,757
2466,17,758
2467,17,759
2468,17,760
2469,17,761
2470,17,762
2471,17,763
2472,17,764
2473,17,765
2474,17,766
2475,17,767
2476,17,768
2477,17,769
2478,17,770
2479,17,771
2480,17,772
2481,17,773
2482,17,774
2483,17,775
2484,17,776
2485,17,777
2486,17,778
2487,17,779
2488,17,780
2489,17,781
2490,17,782
2491,17,783
2492,17,784
2493,17,785
2494,17,786
2495,17,787
2496,17,251
2497,17,252
2498,17,485
2499,17,486
2500,17,487
2501,17,488
2502,17,489
2503,17,184
2504,17,788
2505,17,789
2506,17,446
2507,17,165
2508,17,166
2509,17,312
2510,17,219
2511,17,186
2512,17,167
2513,17,168
2514,17,169
2515,17,170
2516,17,171
2517,6,1
2518,6,2
2519,6,3
2520,6,4
2521,6,5
2522,6,6
2523,6,7
2524,6,8
2525,6,9
2526,6,10
2527,6,11
2528,6,12
2529,6,13
2530,6,14
2531,6,15
2532,6,16
2533,6,17
2534,6,18
2535,6,19
2536,6,20
2537,6,21
2538,6,22
2539,6,23
2540,6,24
2541,6,25
2542,6,26
2543,6,27
2544,6,28
2545,6,29
2546,6,30
2547,6,31
2548,6,32
2549,6,33
2550,6,34
2551,6,35
2552,6,36
2553,6,37
2554,6,38
2555,6,39
2556,6,40
2557,6,41
2558,6,42
2559,6,43
2560,6,44
2561,6,45
2562,6,46
2563,6,47
2564,6,48
2565,6,49
2566,6,50
2567,6,51
2568,6,52
2569,6,53
2570,6,54
2571,6,55
2572,6,56
2573,6,57
2574,6,58
2575,6,59
2576,6,60
2577,6,61
2578,6,62
2579,6,63
2580,6,64
2581,6,65
2582,6,66
2583,6,67
2584,6,68
2585,6,69
2586,6,70
2587,6,71
2588,6,72
2589,6,73
2590,6,74
2591,6,75
2592,6,76
2593,6,77
2594,6,78
2595,6,79
2596,6,80
2597,6,81
2598,6,82
2599,6,83
2600,6,84
2601,6,85
2602,6,86
2603,6,87
2604,6,88
2605,6,89
2606,6,90
2607,6,91
2608,6,92
2609,6,93
2610,6,94
2611,6,95
2612,6,96
2613,6,97
2614,6,98
2615,6,99
2616,6,100
2617,6,101
2618,6,102
2619,6,103
2620,6,104
2621,6,191
2622,6,105
2623,6,790
2624,6,791
2625,6,792
2626,6,793
2627,6,794
2628,6,795
2629,6,796
2630,6,797
2631,6,798
2632,6,799
2633,6,800
2634,6,801
2635,6,802
2636,6,803
2637,6,804
2638,6,305
2639,6,551
2640,6,805
2641,6,806
2642,6,807
2643,6,808
2644,6,809
2645,6,810
2646,6,811
2647,6,812
2648,6,813
2649,6,814
2650,6,815
2651,6,816
2652,6,817
2653,6,818
2654,6,819
2655,6,820
2656,6,251
2657,6,252
2658,6,863
2659,6,485
2660,6,486
2661,6,487
2662,6,488
2663,6,489
2664,6,821
2665,6,822
2666,6,823
2667,6,824
2668,6,825
2669,6,826
2670,6,827
2671,6,828
2672,6,829
2673,6,830
2674,6,831
2675,6,832
2676,6,833
2677,6,834
2678,6,835
2679,6,836
2680,6,837
2681,6,838
2682,6,839
2683,6,840
2684,6,480
2685,6,481
2686,6,184
2687,6,446
2688,6,424
2689,6,535
2690,6,536
2691,6,537
2692,6,538
2693,6,539
2694,6,540
2695,6,841
2696,6,842
2697,6,271
2698,6,165
2699,6,166
2700,6,219
2701,6,843
2702,6,844
2703,6,845
2704,6,846
2705,6,847
2706,6,848
2707,6,849
2708,6,850
2709,6,851
2710,6,852
2711,6,853
2712,6,854
2713,6,855
2714,6,856
2715,6,857
2716,6,858
2717,6,859
2718,6,860
2719,6,861
2720,6,862
2721,6,186
2722,6,167
2723,6,168
2724,6,169
2725,6,170
2726,6,171
2936,5,943
2937,5,11
2938,5,944
2939,5,13
2940,5,166
2941,5,945
2942,5,12
2943,5,946
2944,5,947
2945,5,948
2946,5,949
2947,5,989
2948,5,26
2949,5,25
2950,5,950
2951,5,951
2952,5,952
2953,5,953
2954,5,954
2955,5,955
2956,5,956
2957,5,957
2958,5,958
2959,5,959
2960,5,960
2961,5,961
2962,5,962
2963,5,963
2964,5,964
2965,5,965
2966,5,966
2967,5,967
2968,5,968
2969,5,969
2970,5,970
2971,5,971
2972,5,972
2973,5,973
2974,5,974
2975,5,975
2976,5,976
2977,5,977
2978,5,978
2979,5,979
2980,5,980
2981,5,981
2982,5,982
2983,5,983
2984,5,984
2985,5,985
2986,5,42
2987,5,990
2988,5,4
2989,5,986
2990,5,987
2991,5,988
2992,7,1
2993,7,991
2994,7,992
2995,7,993
2996,7,994
2997,7,995
2998,7,166
2999,7,996
3000,7,11
3001,7,20
3002,7,12
3003,7,13
3004,7,15
3005,7,30
3006,7,29
3007,7,26
3008,7,25
3009,7,62
3010,7,997
3011,7,998
3012,7,999
3013,7,1000
3014,7,1001
3015,7,1002
3016,7,234
3017,7,1003
3018,7,1004
3019,7,1005
3020,7,1006
3021,7,1007
3022,7,1008
3023,7,1009
3024,7,1010
3025,7,242
3026,7,243
3027,7,1011
3028,7,1012
3029,7,1013
3030,7,1014
3031,7,1015
3032,7,1016
3033,7,1017
3034,7,1018
3035,7,1019
3036,7,1020
3037,7,1021
3038,7,1022
3039,7,1023
3040,7,1024
3041,7,1025
3042,7,1026
3043,7,1027
3044,7,1028
3045,7,1029
3046,7,1030
3047,7,1031
3048,7,1032
3049,7,1033
3050,7,1034
3051,7,1035
3052,7,1036
3053,7,1037
3054,7,1038
3055,7,1039
3056,7,1040
3057,7,1041
3058,7,1042
3059,7,1043
3060,7,1044
3061,7,1045
3062,7,1046
3063,7,1047
3064,7,1048
3065,7,1049
3066,7,1050
3067,7,1051
3068,7,1052
3069,7,1053
3070,7,1054
3071,7,1055
3072,7,1056
3073,7,1057
3074,7,1058
3075,7,1059
3076,7,1060
3077,7,1061
3078,7,1062
3079,7,1063
3080,7,1064
3081,7,1065
3082,7,1066
3083,7,1067
3084,7,1068
3085,7,1069
3086,7,1070
3087,7,1071
3088,7,1072
3089,7,1073
3090,7,1074
3091,7,186
3092,7,986
3093,7,4
3094,7,42
3095,7,224
3096,7,41
3097,19,1
3098,19,2
3099,19,3
3100,19,4
3101,19,5
3102,19,6
3103,19,7
3104,19,8
3105,19,9
3106,19,10
3107,19,11
3108,19,12
3109,19,13
3110,19,14
3111,19,15
3112,19,16
3113,19,17
3114,19,18
3115,19,19
3116,19,20
3117,19,21
3118,19,22
3119,19,23
3120,19,24
3121,19,25
3122,19,26
3123,19,27
3124,19,28
3125,19,29
3126,19,30
3127,19,31
3128,19,32
3129,19,33
3130,19,34
3131,19,35
3132,19,36
3133,19,37
3134,19,38
3135,19,39
3136,19,40
3137,19,41
3138,19,42
3139,19,43
3140,19,44
3141,19,45
3142,19,46
3143,19,47
3144,19,48
3145,19,49
3146,19,50
3147,19,51
3148,19,52
3149,19,53
3150,19,54
3151,19,55
3152,19,56
3153,19,57
3154,19,58
3155,19,59
3156,19,60
3157,19,61
3158,19,62
3159,19,63
3160,19,64
3161,19,65
3162,19,66
3163,19,67
3164,19,68
3165,19,69
3166,19,70
3167,19,71
3168,19,72
3169,19,73
3170,19,74
3171,19,75
3172,19,76
3173,19,77
3174,19,78
3175,19,79
3176,19,80
3177,19,81
3178,19,82
3179,19,83
3180,19,84
3181,19,85
3182,19,86
3183,19,87
3184,19,88
3185,19,89
3186,19,90
3187,19,91
3188,19,92
3189,19,93
3190,19,94
3191,19,95
3192,19,96
3193,19,97
3194,19,98
3195,19,99
3196,19,100
3197,19,101
3198,19,102
3199,19,103
3200,19,104
3201,19,1077
3202,19,191
3203,19,1078
3204,19,1079
3205,19,1080
3206,19,1081
3207,19,1082
3208,19,1004
3209,19,238
3210,19,817
3211,19,1075
3212,19,1076
3213,19,812
3214,19,814
3215,19,242
3216,19,243
3217,19,1083
3218,19,1084
3219,19,1085
3220,19,1086
3221,19,1087
3222,19,1088
3223,19,1089
3224,19,1090
3225,19,1091
3226,19,1092
3227,19,1093
3228,19,1094
3229,19,1095
3230,19,1096
3231,19,1097
3232,19,1098
3233,19,1099
3234,19,1100
3235,19,1101
3236,19,1102
3237,19,1103
3238,19,1104
3239,19,1105
3240,19,1106
3241,19,1107
3242,19,1108
3243,19,1109
3244,19,1110
3245,19,1111
3246,19,1112
3247,19,1113
3248,19,1114
3249,19,1115
3250,19,1116
3251,19,1117
3252,19,1118
3253,19,1119
3254,19,1120
3255,19,1121
3256,19,1122
3257,19,1123
3258,19,1124
3259,19,1125
3260,19,1126
3261,19,1127
3262,19,1128
3263,19,1129
3264,19,1130
3265,19,1131
3266,19,1132
3267,19,1133
3268,19,1134
3269,19,1135
3270,19,1136
3271,19,251
3272,19,252
3273,19,485
3274,19,486
3275,19,487
3276,19,1137
3277,19,1138
3278,19,1139
3279,19,1140
3280,19,1141
3281,19,1142
3282,19,1143
3283,19,1144
3284,19,1145
3285,19,1146
3286,19,1147
3287,19,1148
3288,19,1149
3289,19,1150
3290,19,1151
3291,19,1152
3292,19,1153
3293,19,1154
3294,19,1155
3295,19,1156
3296,19,1157
3297,19,1158
3298,19,1159
3299,19,1160
3300,19,1161
3301,19,1162
3302,19,1163
3303,19,1164
3304,19,1165
3305,19,1166
3306,19,1167
3307,19,1168
3308,19,1169
3309,19,1170
3310,19,1171
3311,19,1172
3312,19,1173
3313,19,1174
3314,19,1175
3315,19,1176
3316,19,1177
3317,19,1178
3318,19,1179
3319,19,1180
3320,19,1181
3321,19,1182
3322,19,1183
3323,19,1184
3324,19,1185
3325,19,1186
3326,19,1187
3327,19,1188
3328,19,1189
3329,19,1190
3330,19,1191
3331,19,1192
3332,19,1193
3333,19,1194
3334,19,1195
3335,19,1196
3336,19,1197
3337,19,1198
3338,19,184
3339,19,223
3340,19,1199
3341,19,165
3342,19,166
3343,19,219
3344,19,167
3345,19,168
3346,19,169
3347,19,170
3348,19,171
3349,3,1
3350,3,2
3351,3,3
3352,3,4
3353,3,5
3354,3,6
3355,3,7
3356,3,8
3357,3,9
3358,3,10
3359,3,11
3360,3,12
3361,3,13
3362,3,14
3363,3,15
3364,3,16
3365,3,17
3366,3,18
3367,3,19
3368,3,20
3369,3,21
3370,3,22
3371,3,23
3372,3,24
3373,3,25
3374,3,26
3375,3,27
3376,3,28
3377,3,29
3378,3,30
3379,3,31
3380,3,32
3381,3,33
3382,3,34
3383,3,35
3384,3,36
3385,3,37
3386,3,38
3387,3,39
3388,3,40
3389,3,41
3390,3,42
3391,3,43
3392,3,44
3393,3,45
3394,3,46
3395,3,47
3396,3,48
3397,3,49
3398,3,50
3399,3,51
3400,3,52
3401,3,53
3402,3,54
3403,3,55
3404,3,56
3405,3,57
3406,3,58
3407,3,59
3408,3,60
3409,3,61
3410,3,62
3411,3,63
3412,3,64
3413,3,65
3414,3,66
3415,3,67
3416,3,68
3417,3,69
3418,3,70
3419,3,71
3420,3,72
3421,3,73
3422,3,74
3423,3,75
3424,3,1200
3425,3,1201
3426,3,1202
3427,3,1203
3428,3,1204
3429,3,1205
3430,3,79
3431,3,80
3432,3,81
3433,3,82
3434,3,83
3435,3,84
3436,3,85
3437,3,86
3438,3,87
3439,3,88
3440,3,89
3441,3,90
3442,3,91
3443,3,92
3444,3,93
3445,3,94
3446,3,95
3447,3,96
3448,3,97
3449,3,98
3450,3,99
3451,3,100
3452,3,101
3453,3,102
3454,3,103
3455,3,104
3456,3,1206
3457,3,105
3458,3,1207
3459,3,1208
3460,3,1209
3461,3,1210
3462,3,1211
3463,3,1212
3464,3,1213
3465,3,1214
3466,3,1215
3467,3,1216
3468,3,1217
3469,3,1218
3470,3,1219
3471,3,1220
3472,3,1221
3473,3,1222
3474,3,1223
3475,3,1224
3476,3,1225
3477,3,1226
3478,3,1227
3479,3,1228
3480,3,1229
3481,3,1230
3482,3,1231
3483,3,1232
3484,3,1233
3485,3,1234
3486,3,1235
3487,3,1236
3488,3,1237
3489,3,1238
3490,3,1239
3491,3,1240
3492,3,1241
3493,3,1242
3494,3,1243
3495,3,1244
3496,3,1245
3497,3,1246
3498,3,1247
3499,3,1248
3500,3,1249
3501,3,1250
3502,3,1251
3503,3,1252
3504,3,1253
3505,3,1254
3506,3,1255
3507,3,1256
3508,3,1257
3509,3,1258
3510,3,1259
3511,3,1260
3512,3,1261
3513,3,1262
3514,3,1263
3515,3,1264
3516,3,1265
3517,3,1266
3518,3,1267
3519,3,1268
3520,3,1269
3521,3,1270
3522,3,1271
3523,3,1272
3524,3,1273
3525,3,1274
3526,3,1275
3527,3,1276
3528,3,1277
3529,3,1278
3530,3,1279
3531,3,1280
3532,3,1281
3533,3,1282
3534,3,1283
3535,3,1284
3536,3,1285
3537,3,1286
3538,3,1287
3539,3,1288
3540,3,1289
3541,3,1290
3542,3,1291
3543,3,1292
3544,3,1293
3545,3,1294
3546,3,1295
3547,3,1296
3548,3,1297
3549,3,1298
3550,3,1299
3551,3,1300
3552,3,1301
3553,3,1302
3554,3,1303
3555,3,1304
3556,3,1305
3557,3,1306
3558,3,1307
3559,3,1308
3560,3,1309
3561,3,1310
3562,3,271
3563,3,312
3564,3,1311
3565,3,219
3566,3,1312
3567,3,1313
3568,3,1314
3569,3,186
3570,3,167
3571,3,168
3572,3,169
3573,3,170
3574,3,171
3575,10,1315
3576,10,1316
3577,10,11
3578,10,15
3579,10,1318
3580,10,1319
3581,10,1320
3582,10,1321
3583,10,1322
3584,10,166
3585,10,1323
3586,10,12
3587,10,1324
3588,10,1325
3589,10,1326
3590,10,1327
3591,10,1328
3592,10,1329
3593,10,1330
3594,10,1331
3595,10,1332
3596,10,1333
3597,10,1334
3598,10,1335
3599,10,488
3600,10,1204
3601,10,486
3602,10,485
3603,10,1336
3604,10,1337
3605,10,1338
3606,10,1339
3607,10,1340
3608,10,1341
3609,10,1342
3610,10,1343
3611,10,1344
3612,10,1345
3613,10,1346
3614,10,1347
3615,10,1348
3616,10,1349
3617,10,1350
3618,10,1351
3619,10,1352
3620,10,1353
3621,10,1354
3622,10,1355
3623,10,1356
3624,10,1357
3625,10,1358
3626,10,1359
3627,10,1360
3628,10,1361
3629,10,1362
3630,10,1363
3631,10,1364
3632,10,1365
3633,10,1366
3634,10,1367
3635,10,1368
3636,10,1369
3637,10,1370
3768,10,1496
3769,10,1371
3770,10,1372
3771,10,1373
3772,10,1374
3773,10,1375
3774,10,1376
3775,10,1377
3776,10,1378
3777,10,1379
3778,10,1380
3779,10,1381
3780,10,1382
3781,10,1383
3782,10,1384
3783,10,1385
3784,10,1386
3785,10,1387
3786,10,1388
3787,10,1389
3788,10,1390
3789,10,1391
3790,10,1392
3791,10,1393
3792,10,1394
3793,10,1395
3794,10,1396
3795,10,1397
3796,10,1398
3797,10,1399
3798,10,1400
3799,10,1401
3800,10,1402
3801,10,1403
3802,10,1404
3803,10,1405
3804,10,1406
3805,10,1407
3806,10,1408
3807,10,1409
3808,10,1410
3809,10,1411
3810,10,1412
3811,10,1413
3812,10,1414
3813,10,1415
3814,10,1416
3815,10,1417
3816,10,1418
3817,10,1419
3818,10,1420
3819,10,1421
3820,10,1422
3821,10,1423
3822,10,1424
3823,10,1425
3824,10,1426
3825,10,1427
3826,10,1428
3827,10,1429
3828,10,1430
3829,10,1431
3830,10,1432
3831,10,1433
3832,10,1434
3833,10,1435
3834,10,1436
3835,10,1437
3836,10,1438
3837,10,1439
3838,10,1440
3839,10,1441
3840,10,1442
3841,10,1443
3842,10,1444
3843,10,1445
3844,10,1446
3845,10,1447
3846,10,1448
3847,10,1449
3848,10,1450
3849,10,1451
3850,10,1452
3851,10,1453
3852,10,1454
3853,10,1455
3854,10,1456
3855,10,1457
3856,10,1458
3857,10,1459
3858,10,1460
3859,10,1461
3860,10,1462
3861,10,1463
3862,10,1464
3863,10,1465
3864,10,1466
3865,10,1467
3866,10,1468
3867,10,1469
3868,10,1470
3869,10,1471
3870,10,1472
3871,10,1473
3872,10,1474
3873,10,1475
3874,10,1476
3875,10,1477
3876,10,1478
3877,10,1479
3878,10,1480
3879,10,1481
3880,10,1482
3881,10,1483
3882,10,1484
3883,10,1485
3884,10,1486
3885,10,1487
3886,10,1488
3887,10,1489
3888,10,1490
3889,10,1491
3890,10,1492
3891,10,1493
3892,10,1494
3893,10,313
3894,10,42
3895,10,224
3896,10,1495
3897,10,219
3898,10,986
3899,4,1
3900,4,2
3901,4,3
3902,4,4
3903,4,5
3904,4,6
3905,4,7
3906,4,8
3907,4,9
3908,4,10
3909,4,11
3910,4,12
3911,4,13
3912,4,14
3913,4,15
3914,4,16
3915,4,17
3916,4,18
3917,4,19
3918,4,20
3919,4,21
3920,4,22
3921,4,23
3922,4,24
3923,4,25
3924,4,26
3925,4,27
3926,4,28
3927,4,29
3928,4,30
3929,4,31
3930,4,32
3931,4,33
3932,4,34
3933,4,35
3934,4,36
3935,4,37
3936,4,38
3937,4,39
3938,4,40
3939,4,41
3940,4,42
3941,4,43
3942,4,44
3943,4,45
3944,4,46
3945,4,47
3946,4,48
3947,4,49
3948,4,50
3949,4,51
3950,4,52
3951,4,53
3952,4,54
3953,4,55
3954,4,56
3955,4,57
3956,4,58
3957,4,59
3958,4,60
3959,4,61
3960,4,62
3961,4,63
3962,4,64
3963,4,65
3964,4,66
3965,4,67
3966,4,68
3967,4,69
3968,4,70
3969,4,71
3970,4,72
3971,4,73
3972,4,74
3973,4,75
3974,4,76
3975,4,77
3976,4,305
3977,4,79
3978,4,80
3979,4,81
3980,4,82
3981,4,83
3982,4,84
3983,4,85
3984,4,86
3985,4,87
3986,4,88
3987,4,89
3988,4,90
3989,4,91
3990,4,92
3991,4,93
3992,4,94
3993,4,95
3994,4,96
3995,4,97
3996,4,98
3997,4,99
3998,4,100
3999,4,101
4000,4,102
4001,4,103
4002,4,104
4003,4,105
4004,4,351
4005,4,352
4006,4,353
4007,4,354
4008,4,355
4009,4,356
4010,4,357
4011,4,358
4012,4,359
4013,4,360
4014,4,361
4015,4,362
4016,4,363
4017,4,364
4018,4,365
4019,4,366
4020,4,367
4021,4,368
4022,4,369
4023,4,370
4024,4,371
4025,4,1497
4026,4,372
4027,4,373
4028,4,374
4029,4,375
4030,4,376
4031,4,377
4032,4,378
4033,4,379
4034,4,380
4035,4,381
4036,4,382
4037,4,383
4038,4,384
4039,4,385
4040,4,386
4041,4,387
4042,4,388
4043,4,389
4044,4,390
4045,4,391
4046,4,392
4047,4,393
4048,4,394
4049,4,395
4050,4,396
4051,4,397
4052,4,398
4053,4,399
4054,4,219
4055,4,186
4056,4,167
4057,4,168
4058,4,169
4059,4,170
4060,4,171
4061,22,1
4062,22,2
4063,22,3
4064,22,4
4065,22,5
4066,22,6
4067,22,7
4068,22,8
4069,22,9
4070,22,10
4071,22,11
4072,22,12
4073,22,13
4074,22,14
4075,22,15
4076,22,16
4077,22,17
4078,22,18
4079,22,19
4080,22,20
4081,22,21
4082,22,22
4083,22,23
4084,22,24
4085,22,25
4086,22,26
4087,22,27
4088,22,28
4089,22,29
4090,22,30
4091,22,31
4092,22,32
4093,22,33
4094,22,34
4095,22,35
4096,22,36
4097,22,37
4098,22,38
4099,22,39
4100,22,40
4101,22,41
4102,22,42
4103,22,43
4104,22,44
4105,22,45
4106,22,46
4107,22,47
4108,22,48
4109,22,49
4110,22,50
4111,22,51
4112,22,52
4113,22,53
4114,22,54
4115,22,55
4116,22,56
4117,22,57
4118,22,58
4119,22,59
4120,22,60
4121,22,61
4122,22,62
4123,22,63
4124,22,64
4125,22,65
4126,22,66
4127,22,67
4128,22,68
4129,22,69
4130,22,70
4165,22,71
4166,22,72
4167,22,191
4168,22,87
4169,22,1760
4170,22,73
4171,22,74
4172,22,1761
4173,22,79
4174,22,1499
4175,22,80
4176,22,81
4177,22,82
4178,22,1759
4179,22,85
4180,22,105
4181,22,88
4182,22,84
4183,22,1500
4184,22,1501
4185,22,1502
4186,22,94
4187,22,96
4188,22,97
4189,22,93
4190,22,100
4191,22,103
4192,22,101
4193,22,102
4194,22,1758
4195,22,104
4196,22,89
4197,22,90
4198,22,1503
4199,22,1504
4200,22,1505
4201,22,1506
4202,22,1507
4203,22,1508
4204,22,1509
4205,22,1510
4206,22,1511
4207,22,1512
4208,22,1513
4209,22,1514
4210,22,1515
4211,22,1516
4212,22,1517
4213,22,1518
4214,22,1519
4215,22,1520
4216,22,1521
4217,22,1522
4218,22,1523
4219,22,1524
4220,22,1525
4221,22,1526
4222,22,1527
4223,22,1528
4224,22,1529
4225,22,1530
4226,22,1531
4227,22,1532
4228,22,1533
4229,22,1534
4230,22,1535
4231,22,1536
4232,22,1537
4233,22,1538
4234,22,1539
4235,22,1540
4236,22,1541
4237,22,1542
4238,22,1543
4239,22,1544
4240,22,1545
4241,22,1546
4242,22,1547
4243,22,1548
4244,22,1549
4245,22,1550
4246,22,1551
4247,22,1552
4248,22,1553
4249,22,1554
4250,22,1555
4251,22,1556
4252,22,1557
4253,22,1558
4254,22,1559
4255,22,1560
4256,22,1561
4257,22,1562
4258,22,1563
4259,22,1564
4260,22,1565
4261,22,1566
4262,22,1567
4263,22,1568
4264,22,1569
4265,22,1570
4266,22,1571
4267,22,1572
4268,22,1573
4269,22,1574
4270,22,1575
4271,22,1576
4272,22,1577
4273,22,1578
4274,22,1579
4275,22,1580
4276,22,1581
4277,22,1582
4278,22,1583
4279,22,1584
4280,22,1585
4281,22,1586
4282,22,1587
4283,22,1588
4284,22,1589
4285,22,1590
4286,22,1591
4287,22,1592
4288,22,1593
4289,22,1594
4290,22,1595
4291,22,1596
4292,22,1597
4293,22,1598
4294,22,1599
4295,22,1600
4296,22,1601
4297,22,1602
4298,22,1603
4299,22,1604
4300,22,1605
4301,22,1606
4302,22,1607
4303,22,1608
4304,22,1609
4305,22,1610
4306,22,1611
4307,22,1612
4308,22,1613
4309,22,1614
4310,22,1615
4311,22,1616
4312,22,1617
4313,22,1618
4314,22,1619
4315,22,1620
4316,22,1621
4317,22,1622
4318,22,1623
4319,22,1624
4320,22,1625
4321,22,1626
4322,22,1627
4323,22,1628
4324,22,1629
4325,22,1630
4326,22,1631
4327,22,1632
4328,22,1633
4329,22,1634
4330,22,1635
4331,22,1636
4332,22,1637
4333,22,1638
4334,22,1639
4335,22,1640
4336,22,1641
4337,22,1642
4338,22,1643
4339,22,1644
4340,22,1645
4341,22,1646
4342,22,1647
4343,22,1648
4344,22,1649
4345,22,1650
4346,22,1651
4347,22,1652
4348,22,1653
4349,22,1654
4350,22,1655
4351,22,1656
4352,22,1657
4353,22,1658
4354,22,1659
4355,22,1660
4356,22,1661
4357,22,1662
4358,22,1663
4359,22,1664
4360,22,1665
4361,22,1666
4362,22,1667
4363,22,1668
4364,22,1669
4365,22,1670
4366,22,1671
4367,22,1672
4368,22,1673
4369,22,1674
4370,22,1675
4371,22,1676
4372,22,1677
4373,22,1678
4374,22,1679
4375,22,1680
4376,22,1681
4377,22,1682
4378,22,1683
4379,22,1684
4380,22,1685
4381,22,1686
4382,22,1687
4383,22,1688
4384,22,1689
4385,22,1690
4386,22,1691
4387,22,1692
4388,22,1693
4389,22,1694
4390,22,1695
4391,22,1696
4392,22,1697
4393,22,1698
4394,22,1699
4395,22,1700
4396,22,1701
4397,22,1702
4398,22,1703
4399,22,1704
4400,22,1705
4401,22,1706
4402,22,1707
4403,22,1708
4404,22,1709
4405,22,1710
4406,22,1711
4407,22,1712
4408,22,1713
4409,22,1714
4410,22,1715
4411,22,1716
4412,22,1717
4413,22,1718
4414,22,1719
4415,22,1720
4416,22,1721
4417,22,1722
4418,22,1723
4419,22,1724
4420,22,1725
4421,22,1726
4422,22,1727
4423,22,1728
4424,22,1729
4425,22,1730
4426,22,1731
4427,22,1732
4428,22,1733
4429,22,1734
4430,22,1735
4431,22,1736
4432,22,1737
4433,22,1738
4434,22,1739
4435,22,1740
4436,22,1741
4437,22,1742
4438,22,1743
4439,22,1744
4440,22,1745
4441,22,1746
4442,22,1747
4443,22,1748
4444,22,305
4445,22,1749
4446,22,1750
4447,22,1751
4448,22,1752
4449,22,1753
4450,22,1754
4451,22,1755
4452,22,863
4453,22,256
4454,22,1757
4455,22,254
4456,22,253
4457,22,1762
4458,22,1763
4459,22,1764
4460,22,1765
4461,22,1766
4462,22,1767
4463,22,1768
4464,22,1769
4465,22,1770
4466,22,1771
4467,22,1772
4468,22,1773
4469,22,1774
4470,22,1775
4471,22,1776
4472,22,1777
4473,22,1778
4474,22,1779
4475,22,1780
4476,22,1781
4477,22,1782
4478,22,1783
4479,22,1784
4480,22,1785
4481,22,1786
4482,22,1787
4483,22,1788
4484,22,1789
4485,22,1790
4486,22,1791
4487,22,1792
4488,22,1793
4489,22,1794
4490,22,1795
4491,22,1796
4492,22,1797
4493,22,1798
4494,22,1799
4495,22,1800
4496,22,1801
4497,22,1802
4498,22,1803
4499,22,1804
4500,22,1805
4501,22,1806
4502,22,1807
4503,22,1808
4504,22,1809
4505,22,1810
4506,22,1811
4507,22,1812
4508,22,313
4509,22,1813
4510,22,1814
4511,22,1815
4512,22,1816
4513,22,1817
4514,22,1818
4515,22,1819
4516,22,1820
4517,22,1821
4518,22,1822
4519,22,165
4520,22,166
4521,22,1823
4522,22,1824
4523,22,1825
4524,22,219
4525,22,169
4526,22,170
4527,22,224
4528,22,167
4529,22,1826
4530,22,1827
4531,22,171
4532,22,1828
4533,18,1
4534,18,2
4535,18,3
4536,18,4
4537,18,5
4538,18,6
4539,18,7
4540,18,8
4541,18,9
4542,18,10
4543,18,11
4544,18,12
4545,18,13
4546,18,14
4547,18,15
4548,18,16
4549,18,17
4550,18,18
4551,18,19
4552,18,20
4553,18,21
4554,18,22
4555,18,23
4556,18,24
4557,18,25
4558,18,26
4559,18,27
4560,18,28
4561,18,29
4562,18,30
4563,18,31
4564,18,32
4565,18,33
4566,18,34
4567,18,35
4568,18,36
4569,18,37
4570,18,38
4571,18,39
4572,18,40
4573,18,41
4574,18,42
4575,18,43
4576,18,44
4577,18,45
4578,18,46
4579,18,47
4580,18,48
4581,18,49
4582,18,50
4583,18,51
4584,18,52
4585,18,53
4586,18,54
4587,18,55
4588,18,56
4589,18,57
4590,18,58
4591,18,59
4592,18,60
4593,18,61
4594,18,62
4595,18,63
4596,18,64
4597,18,65
4598,18,66
4599,18,67
4600,18,68
4601,18,69
4602,18,70
4603,18,71
4604,18,72
4605,18,73
4606,18,74
4607,18,75
4608,18,76
4609,18,77
4610,18,78
4611,18,79
4612,18,80
4613,18,81
4614,18,82
4615,18,83
4616,18,84
4617,18,85
4618,18,86
4619,18,87
4620,18,88
4621,18,89
4622,18,90
4623,18,91
4624,18,92
4625,18,93
4626,18,94
4627,18,95
4628,18,96
4629,18,97
4630,18,98
4631,18,99
4632,18,100
4633,18,101
4634,18,102
4635,18,103
4636,18,104
4637,18,191
4638,18,105
4639,18,647
4640,18,648
4641,18,649
4642,18,650
4643,18,651
4644,18,652
4645,18,653
4646,18,654
4647,18,655
4648,18,656
4649,18,657
4650,18,658
4651,18,659
4652,18,660
4653,18,661
4654,18,662
4655,18,663
4656,18,664
4657,18,665
4658,18,666
4659,18,667
4660,18,668
4661,18,669
4662,18,670
4663,18,671
4664,18,672
4665,18,673
4666,18,674
4667,18,675
4668,18,676
4669,18,677
4670,18,678
4671,18,679
4672,18,680
4673,18,681
4674,18,682
4675,18,683
4676,18,684
4677,18,685
4678,18,686
4679,18,687
4680,18,688
4681,18,689
4682,18,690
4683,18,691
4684,18,692
4685,18,693
4686,18,694
4687,18,695
4688,18,696
4689,18,697
4690,18,698
4691,18,699
4692,18,700
4693,18,701
4694,18,702
4695,18,703
4696,18,704
4697,18,705
4698,18,706
4699,18,707
4700,18,708
4701,18,709
4702,18,710
4703,18,711
4704,18,712
4705,18,713
4706,18,714
4707,18,715
4708,18,716
4709,18,717
4710,18,718
4711,18,719
4712,18,720
4713,18,721
4714,18,722
4715,18,723
4716,18,724
4717,18,725
4718,18,726
4719,18,727
4720,18,728
4721,18,729
4722,18,730
4723,18,731
4724,18,732
4725,18,733
4726,18,734
4727,18,735
4728,18,736
4729,18,737
4730,18,738
4731,18,739
4732,18,740
4733,18,741
4734,18,184
4735,18,742
4736,18,743
4737,18,744
4738,18,1829
4739,18,219
4740,18,186
4741,18,167
4742,18,168
4743,18,169
4744,18,170
4745,18,171
4746,9,1
4747,9,2
4748,9,3
4749,9,4
4750,9,5
4751,9,6
4752,9,7
4753,9,8
4754,9,9
4755,9,10
4756,9,11
4757,9,12
4758,9,13
4759,9,14
4760,9,15
4761,9,16
4762,9,17
4763,9,18
4764,9,19
4765,9,20
4766,9,21
4767,9,22
4768,9,23
4769,9,24
4770,9,25
4771,9,26
4772,9,27
4773,9,28
4774,9,29
4775,9,30
4776,9,31
4777,9,32
4778,9,33
4779,9,34
4780,9,35
4781,9,36
4782,9,37
4783,9,38
4784,9,39
4785,9,40
4786,9,41
4787,9,42
4788,9,43
4789,9,44
4790,9,45
4791,9,46
4792,9,47
4793,9,48
4794,9,49
4795,9,50
4796,9,51
4797,9,52
4798,9,53
4799,9,54
4800,9,55
4801,9,56
4802,9,57
4803,9,58
4804,9,59
4805,9,60
4806,9,61
4807,9,62
4808,9,63
4809,9,64
4810,9,65
4811,9,66
4812,9,67
4813,9,68
4814,9,69
4815,9,70
4816,9,71
4817,9,187
4818,9,72
4819,9,73
4820,9,74
4821,9,75
4822,9,76
4823,9,77
4824,9,78
4825,9,79
4826,9,80
4827,9,81
4828,9,82
4829,9,83
4830,9,84
4831,9,85
4832,9,86
4833,9,87
4834,9,88
4835,9,89
4836,9,90
4837,9,91
4838,9,92
4839,9,93
4840,9,94
4841,9,95
4842,9,96
4843,9,97
4844,9,98
4845,9,99
4846,9,100
4847,9,101
4848,9,102
4849,9,103
4850,9,104
4851,9,191
4852,9,105
4853,9,864
4854,9,865
4855,9,866
4856,9,867
4857,9,868
4858,9,869
4859,9,870
4860,9,871
4861,9,872
4862,9,873
4863,9,874
4864,9,875
4865,9,876
4866,9,877
4867,9,878
4868,9,879
4869,9,880
4870,9,881
4871,9,882
4872,9,883
4873,9,884
4874,9,885
4875,9,886
4876,9,887
4877,9,888
4878,9,889
4879,9,890
4880,9,891
4881,9,892
4882,9,893
4883,9,894
4884,9,895
4885,9,896
4886,9,897
4887,9,898
4888,9,899
4889,9,900
4890,9,812
4891,9,551
4892,9,813
4893,9,901
4894,9,902
4895,9,903
4896,9,904
4897,9,905
4898,9,906
4899,9,819
4900,9,820
4901,9,251
4902,9,252
4903,9,485
4904,9,486
4905,9,487
4906,9,488
4907,9,489
4908,9,907
4909,9,908
4910,9,909
4911,9,910
4912,9,911
4913,9,912
4914,9,913
4915,9,914
4916,9,915
4917,9,916
4918,9,917
4919,9,918
4920,9,919
4921,9,920
4922,9,921
4923,9,922
4924,9,923
4925,9,924
4926,9,925
4927,9,926
4928,9,927
4929,9,222
4930,9,928
4931,9,1830
4932,9,1831
4933,9,1832
4934,9,446
4935,9,929
4936,9,930
4937,9,931
4938,9,932
4939,9,271
4940,9,165
4941,9,942
4942,9,219
4943,9,933
4944,9,934
4945,9,935
4946,9,936
4947,9,937
4948,9,938
4949,9,939
4950,9,940
4951,9,941
4952,9,186
4953,9,167
4954,9,168
4955,9,169
4956,9,170
4957,9,171
